"phase","table","row_count","size_mb","landed"
"0","sysuserlog","10091295","6104.25","True"
"0","dimensionattributelevelvalue","1908769","943.15","True"
"0","dimensionattributevaluecombination","1430682","812.56","True"
"0","dimensionattributevaluegroupcombination","1136579","530.02","True"
"0","logisticspostaladdress","698670","385.35","True"
"0","dirpartytable","676160","509.18","True"
"0","dimensionattributevaluegroup","593336","289.31","True"
"0","logisticslocation","495916","276.66","True"
"0","smmactivities","393264","213.23","True"
"0","dirpartylocation","369855","235.36","True"
"0","custtable","360986","691.73","True"
"0","logisticselectronicaddressrole","359824","163.40","True"
"0","logisticselectronicaddress","349071","252.78","True"
"0","smmactivityparentlinktable","322003","151.81","True"
"0","dirorganizationname","254582","148.28","True"
"0","smmresponsibilitiesempltable","245608","121.05","True"
"0","dimensionattributevalue","239404","188.61","True"
"0","dimensionattributevaluesetitem","219196","86.66","True"
"0","dirpartylocationrole","193240","72.57","True"
"0","dirorganizationbase","191076","79.62","True"
"0","dirorganization","190870","81.24","True"
"0","dimensionattributevalueset","141764","50.48","True"
"0","numbersequencetable","37505","35.41","True"
"0","dirdunsnumber","24639","7.45","True"
"0","sysuserinfo","15090","7.18","True"
"0","hcmemployment","14426","9.20","True"
"0","dirpersonname","12917","7.52","True"
"0","dirperson","12777","7.80","True"
"0","hcmworkertitle","12740","7.23","True"
"0","hcmworker","12651","6.94","True"
"0","workcalendardate","5879","2.07","True"
"0","unitofmeasureconversion","5823","3.48","True"
"0","workcalendardateline","4208","2.91","True"
"0","dimensionhierarchylevel","689","0.45","True"
"0","hcmpositiondetail","620","0.45","True"
"0","hcmpositionworkerassignment","611","0.52","True"
"0","hcmpositionhierarchy","603","0.45","True"
"0","hcmposition","578","0.40","True"
"0","logisticslocationext","549","0.33","True"
"0","dimensionhierarchy","341","0.32","True"
"0","logisticsaddresscountryregion","253","0.27","True"
"0","ominternalorganization","206","0.20","True"
"0","omoperatingunit","162","0.20","True"
"0","currency","155","0.26","True"
"0","companyinfo","74","0.20","True"
"0","hcmpersondetails","64","0.21","True"
"0","dimensionattribute","54","0.20","True"
"0","hcmjobdetail","47","0.20","True"
"0","unitofmeasure","34","0.20","True"
"0","logisticslocationrole","31","0.20","True"
"0","hcmjob","22","0.07","True"
"0","hcmtitle","21","0.07","True"
"0","workcalendartable","12","0.07","True"
"0","dirnameaffix","10","0.07","True"
"0","dirnamesequence","9","0.07","True"
"0","dimensionattributedircategory","9","0.07","True"
"0","omteammembershipcriterion","8","0.07","True"
"0","omteam","7","0.07","True"
"0","dimensionhierarchyintegration","4","0.07","True"
"0","hcmpositionhierarchytype","2","0.07","True"
"0","systemparameters","1","0.07","True"
"0","hcmreasoncode","1","0.07","True"
"0","dimensionparameters","1","0.07","True"
"0","dimattributecustgroup","0","0","False"
"0","dimattributefinancialtag","0","0","False"
"0","dimattributecusttable","0","0","False"
"0","dimattributehcmworker","0","0","False"
"0","dimattributebankaccounttable","0","0","False"
"0","dimattributehcmjob","0","0","False"
"0","dimattributehcmposition","0","0","False"
"0","dimattributecompanyinfo","0","0","False"
"0","companynafcode","0","0.00","True"
"0","dirpartypostaladdressview","0","0","False"
"0","workcalendardayentity","0","0","False"
"0","workcalendarentity","0","0","False"
"0","workcalendartimeintervalentity","0","0","False"
"0","v_dirpartytable","0","0","False"
"0","v_dirorganization","0","0","False"
"0","vdefaultdimensionview","0","0","False"
"0","v_dirperson","0","0","False"
"0","dimattributevendtable","0","0","False"
"0","hcmworkerdetailsview","0","0","False"
"0","dimattributeretailchannel","0","0","False"
"0","dimattributevendgroup","0","0","False"
"0","dimensioncombinationentity","0","0","False"
"0","dirpartylocationrolesview","0","0","False"
"0","dirpartynameprimaryaddressview","0","0","False"
"0","dimensionsetentity","0","0","False"
"0","dirpartybaseentity","0","0","False"
"0","dimattributemainaccount","0","0","False"
"0","logisticspostaladdressview","0","0","False"
"0","dimattributeinventitemgroup","0","0","False"
"0","dimattributeinventtable","0","0","False"
"0","logisticspostaladdressbaseentity","0","0","False"
"0","dimattributeomdepartment","0","0","False"
"0","dimattributeomvaluestream","0","0","False"
"0","dimattributeombusinessunit","0","0","False"
"0","dimattributeomcostcenter","0","0","False"
"2","whsworkline","528223972","445547.46","True"
"2","inventdim","328020488","142929.09","True"
"2","whsworktable","239883244","136953.52","True"
"2","usvexclusionprogramcustomerproducts","151290470","75468.07","True"
"2","ecoresvalue","82913822","43290.38","True"
"2","ecoresattributevalue","82901292","34353.06","True"
"2","ecorestextvalue","78921867","29782.20","True"
"2","whsshipmenttable","65611292","43067.12","True"
"2","ecoresinstancevalue","64779387","25902.88","True"
"2","whsloadtable","55828568","47756.11","True"
"2","whsloadline","45912598","58259.95","True"
"2","usvecoresprodpartsattributes","17711428","7253.57","True"
"2","usvecoresprodtiresattributes","17711428","10830.63","True"
"2","usvecoresprodlubeschemicalattributes","17711428","6405.35","True"
"2","whsworklinecyclecount","10978940","8709.35","True"
"2","usvecoresprodtiresaccessoriesattributes","8855714","6360.93","True"
"2","usvecoresprodmicsitemsattributes","8855714","6208.07","True"
"2","usvecoresprodexhuastattributes","8855714","6078.67","True"
"2","usvecoresprodtubesattributes","8855714","6868.69","True"
"2","usvecoresprodtiresattributesext","8855714","5231.87","True"
"2","custaging","3245691","2748.67","True"
"2","ecoresbooleanvalue","2004637","848.59","True"
"2","usvproductfirstreceiptdate","1846616","897.23","True"
"2","wmslocation","1640834","704.89","True"
"2","pricediscadmtrans","1491095","2160.66","True"
"2","ecoresfloatvalue","813898","367.52","True"
"2","pricedisctable","783176","886.30","True"
"2","ecoresintvalue","655967","290.38","True"
"2","ecoresdatetimevalue","517094","220.09","True"
"2","custvendexternalitem","475791","288.14","True"
"2","inventtablemodule","466053","446.90","True"
"2","custtable","360986","691.73","True"
"2","inventtable","310702","467.95","True"
"2","mcrholdcodetrans","205735","144.84","True"
"2","ecoresproductcategory","204706","79.41","True"
"2","custdefaultlocation","171968","63.32","True"
"2","pdsapprovedvendorlist","169743","83.81","True"
"2","whsecoresproducttransportationcodes","156356","55.37","True"
"2","ecoresproducttranslation","155369","68.96","True"
"2","ecoresdistinctproduct","155369","53.62","True"
"2","ecoresproduct","155369","69.89","True"
"2","inventiteminventsetup","155352","148.38","True"
"2","inventitempurchsetup","155352","117.11","True"
"2","inventitemsalessetup","155352","127.33","True"
"2","mcrinventtable","155351","71.91","True"
"2","inventmodelgroupitem","155351","69.13","True"
"2","inventitemgroupitem","155350","58.53","True"
"2","inventitembarcode","150686","91.90","True"
"2","ecoresstoragedimensiongroupproduct","144561","51.08","True"
"2","ecoresproductinstancevalue","141950","52.06","True"
"2","usvitemchargestable","138199","63.30","True"
"2","retailcusttable","136065","79.50","True"
"2","whscusttable","128816","63.43","True"
"2","mcrcusttable","127118","65.11","True"
"2","custbankaccount","77162","25.39","True"
"2","ecoresproductimage","58665","21.20","True"
"2","vendbankaccount","47674","19.35","True"
"2","vendtable","43768","36.79","True"
"2","bom","24638","11.67","True"
"2","usvwarehousepostaladdress","22100","14.70","True"
"2","whsworkuserwarehouse","15717","8.35","True"
"2","whsworkuser","11578","13.80","True"
"2","whsworker","10783","5.36","True"
"2","usvwarehousetransfersupplywarehouse","6192","2.35","True"
"2","pricediscadmtable","5269","3.78","True"
"2","ecoresproductrelationtable","4702","1.58","True"
"2","bomversion","4018","3.86","True"
"2","bomtable","3178","2.44","True"
"2","whslocationprofile","1480","1.26","True"
"2","inventlocation","1050","0.84","True"
"2","credmancreditlimitcustgroupline","784","0.45","True"
"2","vendgroup","751","0.45","True"
"2","mcrpickingwbwarehouseinfo","525","0.32","True"
"2","inventlocationlogisticslocationrole","389","0.26","True"
"2","inventlocationlogisticslocation","389","0.26","True"
"2","vendpaymmodetable","306","0.38","True"
"2","credmancreditlimitcustgroup","253","0.33","True"
"2","ecoresattribute","153","0.20","True"
"2","custpaymmodetable","148","0.20","True"
"2","ecoresattributetype","131","0.20","True"
"2","inventsite","113","0.20","True"
"2","usvproductexclusionbywhs","101","0.26","True"
"2","custgroup","82","0.21","True"
"2","inventitemgroup","81","0.20","True"
"2","custparameters","74","0.26","True"
"2","whsparameters","70","0.20","True"
"2","whsworkclasstable","27","0.20","True"
"2","whsworktemplatetable","25","0.20","True"
"2","customerinstancevalue","18","0.07","True"
"2","ecoresreferencevalue","11","0.07","True"
"2","usvacquisitiontable","8","0.07","True"
"2","custpaymmodespec","7","0.07","True"
"2","ecorescategoryhierarchy","4","0.07","True"
"2","ecoresstoragedimensiongroup","4","0.07","True"
"2","retailchanneltable","4","0.07","True"
"2","ecorescategoryhierarchyrole","3","0.07","True"
"2","ecoresproductrelationtype","2","0.07","True"
"2","retailmcrchanneltable","2","0.07","True"
"2","tmsloadbuildstrategyattribvalueset","1","0.07","True"
"2","usvdirpartypostaladdressstagingview","0","0","False"
"2","inventwarehousepostaladdressentity","0","0","False"
"2","whsworkusersessionlog","0","0.00","True"
"2","guppricetreeinstancevalue","0","0.00","True"
"2","usvaiscustomerlookupbyorgnumsegmentstagingview","0","0","False"
"2","usvlogisticscontactinfostagingview","0","0","False"
"2","usvdirpartycontactv3entity","0","0","False"
"2","usvcustomerresponsibilitiesemplentity","0","0","False"
"2","retailpricingsimulatorinstancevalue","0","0.00","True"
"2","vendvendorexternalcodeentity","0","0","False"
"2","usvlogisticspostaladdressentity","0","0","False"
"2","usvlogisticspostaladdressstagingview","0","0","False"
"3","inventtrans","495226162","373685.94","True"
"3","inventsum","399078046","329429.82","True"
"3","inventtransorigin","238538449","132268.30","True"
"3","vendsettlement","227009580","125283.79","True"
"3","vendtrans","179939436","169215.48","True"
"3","custtrans","134756602","126006.80","True"
"3","taxtrans","114310054","110083.88","True"
"3","custinvoicetrans","103941126","138014.41","True"
"3","custinvoicejour","90748712","125455.43","True"
"3","custsettlement","84237485","84485.11","True"
"3","custconfirmjour","57136818","26550.23","True"
"3","taxjournaltrans","52095178","39325.65","True"
"3","vendinvoicejour","51546512","62295.68","True"
"3","inventtransoriginsalesline","36614473","16186.60","True"
"3","custinvoicesaleslink","30252727","23917.43","True"
"3","markuptrans","26929460","28769.93","True"
"3","reqitemtable","24638073","25787.24","True"
"3","purchlinehistory","22494194","24801.41","True"
"3","purchline","20041706","34061.03","True"
"3","vendpackingsliptrans","18454338","16352.75","True"
"3","vendinvoicetrans","18431214","21831.23","True"
"3","inventtransferline","12815994","15238.14","True"
"3","usvsspprogramcustomer","9382436","5694.10","True"
"3","usvsspprogramproducts","9235126","5549.79","True"
"3","inventtransfertable","8951000","6883.45","True"
"3","inventvaluereporttmpline","8706506","5738.52","True"
"3","custinteresttrans","6535250","6948.60","True"
"3","inventjournaltrans","6220930","4954.77","True"
"3","vendinvoiceinfoline","5529502","6210.31","True"
"3","custtransopen","2944118","3468.21","True"
"3","vendpackingslipjour","2590442","1429.29","True"
"3","inventjournaltable","2075652","1043.69","True"
"3","vendpackingslipversion","1295336","1014.21","True"
"3","vendtransopen","1139225","1617.13","True"
"3","vendinvoiceinfotable","787332","955.44","True"
"3","purchtablehistory","746848","770.56","True"
"3","custinterestjour","595348","294.40","True"
"3","purchtable","579200","856.86","True"
"3","purchtableversion","514190","262.78","True"
"3","usvprogramcustprodexclusiontable","25116","7.09","True"
"3","intercompanypurchsalesreference","6010","3.56","True"
"3","taxtable","1516","1.07","True"
"3","paymterm","1004","0.63","True"
"3","agreementheader","289","0.34","True"
"3","usvprogramreasoncode","287","0.26","True"
"3","paymday","255","0.27","True"
"3","taxonitem","242","0.26","True"
"3","taxdata","230","0.26","True"
"3","purchparameters","74","0.21","True"
"3","markuptable","48","0.20","True"
"3","idttaxlogparameters","24","0.07","True"
"3","vprogramswithnoitems","0","0","False"
"3","vprogramtableswithzerorecords","0","0","False"
"3","usvprogramproductstableentity","0","0","False"
"3","usvprogramcustprodexclusiontableentity","0","0","False"
"3","taxgstreliefgroupheading_my","0","0.00","True"
"3","vduplicateprograms","0","0","False"
"3","paymenttermentity","0","0","False"
"3","usvprogramtableentity","0","0","False"
"4","generaljournalaccountentry","475022861","431676.92","True"
"4","generaljournalentry","153010212","109012.57","True"
"4","salesline","75651260","187890.47","True"
"4","salestable","59872716","110389.58","True"
"4","usvsalescommissionresptable","48530978","28231.41","True"
"4","subledgerjournalaccountentrydistribution","42583392","19821.84","True"
"4","ledgertransvoucherlink","37065117","16616.34","True"
"4","whssalesline","34782528","20411.25","True"
"4","usvcuststatement","31938815","19514.40","True"
"4","tmssalestable","29892286","16570.37","True"
"4","ledgerjournaltable","27696168","24628.89","True"
"4","usvcustinvoicejourstatement","19966754","12568.24","True"
"4","ledgerentryjournal","14876537","5881.91","True"
"4","spectrans","2827763","2099.05","True"
"4","salesjournalautosummary","790800","398.54","True"
"4","usvsalestrackingnumbers","662902","498.43","True"
"4","casedetailbase","46418","28.03","True"
"4","casedetail","23209","10.97","True"
"4","dimensionfinancialtag","9450","4.36","True"
"4","usvcustavailcredit","8674","7.43","True"
"4","ledgerfiscalcalendarperiod","5376","1.70","True"
"4","exchangerate","2647","1.21","True"
"4","mainaccount","798","0.70","True"
"4","ledgerjournalname","509","0.52","True"
"4","bankaccounttable","326","0.32","True"
"4","salesagreementheader","289","0.26","True"
"4","fiscalcalendarperiod","224","0.26","True"
"4","usvgeneralledgerhierarchy","130","0.20","True"
"4","mainaccountcategory","107","0.20","True"
"4","bankgroup","52","0.20","True"
"4","ledger","37","0.20","True"
"4","casecategoryhierarchydetail","18","0.07","True"
"4","fiscalcalendaryear","16","0.07","True"
"4","usvfndcategory","12","0.07","True"
"4","exchangeratecurrencypair","10","0.07","True"
"4","exchangeratetype","6","0.07","True"
"4","financialdimensionvalueentityfinancialtagview","0","0","False"
"4","v_dirpartytable","0","0","False"
"4","esker_usvopenar","0","0","False"
"4","usvopenar","0","0","False"
"4","usvpnccusttransdataentity","0","0","False"
